<?xml version="1.0" encoding="UTF-8" standalone="yes"?>
<manifest>
  <control namespace="Dianamics" constructor="ThemingColors" version="0.1.10" display-name-key="ThemingColors" description-key="ThemingColors description" control-type="virtual" api-version="1.3.16">
    <external-service-usage enabled="false"/>
    <property name="isDarkMode" display-name-key="IsDarkMode" description-key="IsDarkMode" of-type="TwoOptions" usage="input" required="false" pfx-default-value="false"/>
    <property name="accent1Background" display-name-key="Accent1Background" description-key="Accent1Background" of-type="SingleLine.Text" usage="input" required="false" pfx-default-value="&quot;colorPalettePeachBackground2&quot;"/>
    <property name="accent1Foreground" display-name-key="Accent1Foreground" description-key="Accent1Foreground" of-type="SingleLine.Text" usage="input" required="false" pfx-default-value="&quot;colorPalettePeachForeground2&quot;"/>
    <property name="accent1Border" display-name-key="Accent1Border" description-key="Accent1Border" of-type="SingleLine.Text" usage="input" required="false" pfx-default-value="&quot;colorPalettePeachBorderActive&quot;"/>
    <property name="accent2Background" display-name-key="Accent2Background" description-key="Accent2Background" of-type="SingleLine.Text" usage="input" required="false" pfx-default-value="&quot;colorPaletteLightTealBackground2&quot;"/>
    <property name="accent2Foreground" display-name-key="Accent2Foreground" description-key="Accent2Foreground" of-type="SingleLine.Text" usage="input" required="false" pfx-default-value="&quot;colorPaletteLightTealForeground2&quot;"/>
    <property name="accent2Border" display-name-key="Accent2Border" description-key="Accent2Border" of-type="SingleLine.Text" usage="input" required="false" pfx-default-value="&quot;colorPaletteLightTealBorderActive&quot;"/>
    <property name="OutputTheme" display-name-key="OutputTheme" description-key="OutputTheme" of-type="Object" usage="output"/>
    <property name="OutputThemeSchema" display-name-key="OutputThemeSchema" description-key="OutputThemeSchema" of-type="SingleLine.Text" usage="input" hidden="true"/>
    <property-dependencies>
      <property-dependency input="OutputThemeSchema" output="OutputTheme" required-for="schema"/>
    </property-dependencies>
    <event name="OnColorChanged" display-name-key="OnColorChanged" description-key="OnColorChanged" pfx-default-value="Set(ExtendedTheme, {&#xD;&#xA;    ErrorBackground : ColorValue(Self.OutputTheme.colorStatusDangerBackground1), &#xD;&#xA;    ErrorForeground: ColorValue(Self.OutputTheme.colorStatusDangerForeground1), &#xD;&#xA;    ErrorBorder: ColorValue(Self.OutputTheme.colorStatusDangerBorder1),    &#xD;&#xA;    WarningBackground : ColorValue(Self.OutputTheme.colorStatusWarningBackground1), &#xD;&#xA;    WarningForeground: ColorValue(Self.OutputTheme.colorStatusWarningForeground1), &#xD;&#xA;    WarningBorder: ColorValue(Self.OutputTheme.colorStatusWarningBorder1), &#xD;&#xA;    SuccessBackground: ColorValue(Self.OutputTheme.colorStatusSuccessBackground1),&#xD;&#xA;    SuccessForegroud: ColorValue(Self.OutputTheme.colorStatusSuccessForeground1),&#xD;&#xA;    SuccessBorder: ColorValue(Self.OutputTheme.colorStatusSuccessBorder1),&#xD;&#xA;    NeutralForeground: ColorValue(Self.OutputTheme.colorNeutralForeground1),&#xD;&#xA;    NeutralForegroundHover: ColorValue(Self.OutputTheme.colorNeutralForeground1Hover),&#xD;&#xA;    NeutralForegroundPressed: ColorValue(Self.OutputTheme.colorNeutralForeground1Pressed),&#xD;&#xA;    NeutralBackground: ColorValue(Self.OutputTheme.colorNeutralBackground1),&#xD;&#xA;    NeutralBackgroundHover: ColorValue(Self.OutputTheme.colorNeutralBackground1Hover),&#xD;&#xA;    NeutralBackgroundPressed: ColorValue(Self.OutputTheme.colorNeutralBackground1Pressed),&#xD;&#xA;    BrandForeground: ColorValue(Self.OutputTheme.colorBrandForeground1),&#xD;&#xA;    BrandForegroundHover: ColorValue(Self.OutputTheme.colorCompoundBrandForeground1Hover),&#xD;&#xA;    BrandForegroundPressed: ColorValue(Self.OutputTheme.colorBrandForeground2Pressed),&#xD;&#xA;    BrandBackground: ColorValue(Self.OutputTheme.colorBrandBackground),&#xD;&#xA;    BrandBackgroundHover: ColorValue(Self.OutputTheme.colorBrandBackgroundHover),&#xD;&#xA;    BrandBackgroundPressed: ColorValue(Self.OutputTheme.colorBrandBackgroundPressed), &#xD;&#xA;    Accent1BackgroundColor: ColorValue(Self.OutputTheme.accent1BackgroundColor),&#xD;&#xA;    Accent1ForegroundColor: ColorValue(Self.OutputTheme.accent1ForegroundColor),&#xD;&#xA;    Accent1BorderColor: ColorValue(Self.OutputTheme.accent1BorderColor),&#xD;&#xA;    Accent2BackgroundColor: ColorValue(Self.OutputTheme.accent2BackgroundColor),&#xD;&#xA;    Accent2ForegroundColor: ColorValue(Self.OutputTheme.accent2ForegroundColor),&#xD;&#xA;    Accent2BorderColor: ColorValue(Self.OutputTheme.accent2BorderColor)&#xD;&#xA;});"/>
    <resources>
      <code path="bundle.js" order="1"/>
      <platform-library name="React" version="16.14.0"/>
      <platform-library name="Fluent" version="9.46.2"/>
    </resources>
    <feature-usage/>
    <built-by name="pac" version="1.42.1"/>
    <subscribed-functionalities>
      <subscribed-functionality name="sharedTemplate" value="false"/>
    </subscribed-functionalities>
  </control>
</manifest>